a,b,initial_K,status,last_completed_prime,last_output_vertices,last_output_edges,last_max_word_length
3,2,4,success,11,0,0,0
4,3,4,success,5,0,0,0
5,2,4,edge_cap,19,5306,10519,72
5,3,4,edge_cap,19,21150,42761,53
5,4,4,success,13,0,0,0
6,5,4,edge_cap,17,8173,17188,10
7,2,4,edge_cap,17,4328,8894,14
7,3,4,edge_cap,17,5234,11117,13
7,4,4,edge_cap,17,16523,38783,20
7,5,4,success,13,0,0,0
7,6,4,edge_cap,17,15379,39998,11
8,3,4,edge_cap,13,3826,9420,8
8,5,4,edge_cap,13,3218,8444,7
8,7,4,edge_cap,13,3017,9151,4
9,2,4,edge_cap,13,5739,16306,5
9,4,4,edge_cap,13,6123,16624,7
9,5,4,edge_cap,13,2336,7573,5
9,7,4,edge_cap,17,24533,75546,7
9,8,4,edge_cap,13,8743,28058,5
10,3,4,edge_cap,17,18614,51067,8
10,7,4,edge_cap,17,13063,44589,5
10,9,4,edge_cap,13,2432,7845,4
11,2,4,edge_cap,17,17248,46608,6
11,3,4,edge_cap,17,7407,20462,8
11,4,4,edge_cap,17,21268,62693,9
11,5,4,edge_cap,17,5990,17799,9
11,6,4,edge_cap,17,14611,49830,6
11,7,4,edge_cap,17,4621,13338,5
11,8,4,edge_cap,13,2115,7866,3
11,9,4,edge_cap,17,17006,63983,4
11,10,4,edge_cap,17,8746,35920,3
12,5,4,edge_cap,17,31429,90944,6
12,7,4,edge_cap,17,23606,79805,6
12,11,4,edge_cap,17,17977,80940,4
13,2,4,edge_cap,17,16899,49334,5
13,3,4,edge_cap,17,9594,29961,6
13,4,4,edge_cap,17,21162,71822,6
13,5,4,edge_cap,17,4550,13700,7
13,6,4,edge_cap,17,12744,48459,5
13,7,4,edge_cap,17,4147,13338,5
13,8,4,edge_cap,11,1817,7583,3
13,9,4,edge_cap,17,14196,56965,4
13,10,4,edge_cap,17,7559,34910,3
13,11,4,edge_cap,17,2877,10929,4
13,12,4,edge_cap,17,15195,73715,3
14,3,4,edge_cap,17,17352,60967,5
14,5,4,edge_cap,17,12887,51399,5
14,9,4,edge_cap,13,1845,7623,3
14,11,4,edge_cap,17,6061,28524,2
14,13,4,edge_cap,17,5097,26386,3
15,2,4,edge_cap,13,1945,8541,3
15,4,4,edge_cap,13,2407,9655,3
15,7,4,edge_cap,17,6920,26702,3
15,8,4,edge_cap,13,2686,11334,3
15,11,4,edge_cap,17,4586,24033,2
15,13,4,edge_cap,17,3828,21031,2
15,14,4,edge_cap,17,6973,27589,3
16,3,4,edge_cap,13,8809,33485,3
16,5,4,edge_cap,13,5001,21682,3
16,7,4,edge_cap,13,3533,15638,3
16,9,4,edge_cap,13,11035,53280,4
16,11,4,edge_cap,13,2283,11771,3
16,13,4,edge_cap,11,1916,10935,2
16,15,4,edge_cap,13,2872,16082,2
17,2,4,edge_cap,13,16714,63479,4
17,3,4,edge_cap,13,8744,35402,6
17,4,4,edge_cap,13,19086,74064,4
17,5,4,edge_cap,13,4677,18760,6
17,6,4,edge_cap,13,10196,44450,4
17,7,4,edge_cap,13,3482,14588,4
17,8,4,edge_cap,11,1878,9194,2
17,9,4,edge_cap,13,11217,53727,4
17,10,4,edge_cap,13,5679,30007,3
17,11,4,edge_cap,13,2246,10311,2
17,12,4,edge_cap,13,11450,64755,2
17,13,4,edge_cap,11,1896,9211,2
17,14,4,edge_cap,13,3834,23059,2
17,15,4,edge_cap,13,2880,18513,1
17,16,4,edge_cap,11,1920,12600,1
18,5,4,edge_cap,13,2708,12095,3
18,7,4,edge_cap,13,1837,8406,3
18,11,4,edge_cap,17,18029,93540,3
18,13,4,edge_cap,17,15219,85727,3
18,17,4,edge_cap,13,11510,74726,2
19,2,4,edge_cap,13,18177,71327,3
19,3,4,edge_cap,13,9097,37309,4
19,4,4,edge_cap,13,19716,86416,5
19,5,4,edge_cap,13,5034,21719,4
19,6,4,edge_cap,13,10549,49475,4
19,7,4,edge_cap,13,3520,15069,3
19,8,4,edge_cap,11,1886,10059,2
19,9,4,edge_cap,13,11248,58967,3
19,10,4,edge_cap,13,5690,31455,3
19,11,4,edge_cap,13,2267,11005,2
19,12,4,edge_cap,13,11462,68055,2
19,13,4,edge_cap,11,1906,10236,2
19,14,4,edge_cap,13,3834,24805,2
19,15,4,edge_cap,13,2880,18711,1
19,16,4,edge_cap,11,1920,13293,1
19,17,4,edge_cap,11,1918,11571,2
19,18,4,edge_cap,13,11516,80977,2
20,3,4,edge_cap,13,2640,12218,2
20,7,4,edge_cap,17,14850,75277,4
20,9,4,edge_cap,13,2796,15673,3
20,11,4,edge_cap,17,9042,49771,2
20,13,4,edge_cap,17,7662,47463,2
20,17,4,edge_cap,13,5754,40150,2
20,19,4,edge_cap,13,5760,43168,1
21,2,4,edge_cap,13,1717,7937,2
21,4,4,edge_cap,13,1757,8123,3
21,5,4,edge_cap,17,6106,24418,5
21,8,4,edge_cap,13,1883,10079,2
21,10,4,edge_cap,17,7426,35913,3
21,11,4,edge_cap,17,3063,20594,3
21,13,4,edge_cap,17,2560,16875,1
21,16,4,edge_cap,13,1920,12482,1
21,17,4,edge_cap,13,1920,14850,1
21,19,4,edge_cap,13,1920,15444,1
21,20,4,edge_cap,17,7664,46376,2
22,3,4,edge_cap,17,14484,61697,4
22,5,4,edge_cap,17,8416,39749,3
22,7,4,edge_cap,17,5983,33778,2
22,9,4,edge_cap,17,18147,90547,2
22,13,4,edge_cap,17,3067,20380,2
22,15,4,edge_cap,17,4593,26843,2
22,17,4,edge_cap,13,2304,16916,1
22,19,4,edge_cap,13,2304,17921,1
22,21,4,edge_cap,17,3072,20136,1
23,2,4,edge_cap,13,19716,91834,2
23,3,4,edge_cap,13,10590,51382,4
23,4,4,edge_cap,11,1849,9960,2
23,5,4,edge_cap,13,5052,24465,5
23,6,4,edge_cap,13,10764,57822,4
23,7,4,edge_cap,13,3569,16943,3
23,8,4,edge_cap,11,1907,11649,2
23,9,4,edge_cap,13,11278,69901,3
23,10,4,edge_cap,13,5727,34995,2
23,11,4,edge_cap,13,2280,12638,2
23,12,4,edge_cap,13,11492,77271,2
23,13,4,edge_cap,11,1907,11211,2
23,14,4,edge_cap,13,3835,27470,2
23,15,4,edge_cap,13,2878,19846,2
23,16,4,edge_cap,11,1920,15189,1
23,17,4,edge_cap,11,1918,13008,2
23,18,4,edge_cap,13,11519,89445,2
23,19,4,edge_cap,11,1920,13513,1
23,20,4,edge_cap,13,5760,47040,1
23,21,4,edge_cap,13,1920,16467,1
23,22,4,edge_cap,13,2304,20352,1
24,5,4,edge_cap,13,2628,15056,2
24,7,4,edge_cap,13,1861,11208,2
24,11,4,edge_cap,13,1146,7044,2
24,13,4,edge_cap,17,15221,98771,2
24,17,4,edge_cap,13,11510,83115,2
24,19,4,edge_cap,13,11520,91230,1
24,23,4,edge_cap,13,11520,99315,1
25,2,4,edge_cap,13,5102,26366,3
25,3,4,edge_cap,13,2428,12591,3
25,4,4,edge_cap,13,5340,30556,2
25,6,4,edge_cap,13,2759,17225,2
25,7,4,edge_cap,17,15097,95888,3
25,8,4,edge_cap,13,5685,33700,2
25,9,4,edge_cap,13,2866,17720,2
25,11,4,edge_cap,17,9174,62461,2
25,12,4,edge_cap,13,2872,20190,2
25,13,4,edge_cap,17,7674,56727,2
25,14,4,edge_cap,13,960,6863,1
25,16,4,edge_cap,13,5760,44916,1
25,17,4,edge_cap,13,5760,44603,1
25,18,4,edge_cap,13,2880,23535,1
25,19,4,edge_cap,13,5760,47575,1
25,21,4,edge_cap,17,7680,62535,1
25,22,4,edge_cap,17,9216,78130,1
25,23,4,edge_cap,13,5760,51194,1
25,24,4,edge_cap,13,2880,26560,1
26,3,4,edge_cap,17,14145,75213,3
26,5,4,edge_cap,17,7021,40651,3
26,7,4,edge_cap,17,4990,29725,3
26,9,4,edge_cap,17,15181,96794,2
26,11,4,edge_cap,17,3067,21154,2
26,15,4,edge_cap,17,3840,27102,1
26,17,4,edge_cap,11,1920,15375,1
26,19,4,edge_cap,11,1920,16128,1
26,21,4,edge_cap,17,2560,20583,1
26,23,4,edge_cap,11,1920,17865,1
26,25,4,edge_cap,17,7680,69060,1
27,2,4,edge_cap,13,10878,62325,3
27,4,4,edge_cap,13,11118,65725,3
27,5,4,edge_cap,13,2729,15823,3
27,7,4,edge_cap,13,1908,12155,3
27,8,4,edge_cap,13,11371,76536,2
27,10,4,edge_cap,13,2874,20950,2
27,11,4,edge_cap,13,1151,8524,2
27,13,4,edge_cap,11,960,7680,1
27,14,4,edge_cap,13,1920,15167,1
27,16,4,edge_cap,13,11518,95797,2
27,17,4,edge_cap,13,11520,95783,1
27,19,4,edge_cap,13,11520,97277,1
27,20,4,edge_cap,13,2880,26100,1
27,22,4,edge_cap,13,1152,10493,1
27,23,4,edge_cap,11,960,9714,1
27,25,4,edge_cap,13,2880,27479,1
27,26,4,edge_cap,11,960,9780,1
28,3,4,edge_cap,13,1890,12136,2
28,5,4,edge_cap,17,14446,81336,3
28,9,4,edge_cap,13,1910,13937,2
28,11,4,edge_cap,17,6131,43850,2
28,13,4,edge_cap,17,5089,39167,2
28,15,4,edge_cap,17,7668,55930,2
28,17,4,edge_cap,13,3840,32227,1
28,19,4,edge_cap,13,3840,34171,1
28,23,4,edge_cap,13,3840,37737,1
28,25,4,edge_cap,13,960,9576,1
28,27,4,edge_cap,13,1920,20868,1
29,2,4,edge_cap,11,1835,11634,2
29,3,4,edge_cap,13,10702,65436,3
29,4,4,edge_cap,11,1883,12318,2
29,5,4,edge_cap,13,5545,32994,3
29,6,4,edge_cap,13,11283,72841,2
29,7,4,edge_cap,13,3749,23611,3
29,8,4,edge_cap,11,1918,14311,2
29,9,4,edge_cap,13,11458,81105,3
29,10,4,edge_cap,13,5741,42175,2
29,11,4,edge_cap,13,2296,16119,2
29,12,4,edge_cap,13,11505,89838,2
29,13,4,edge_cap,11,1915,13665,2
29,14,4,edge_cap,13,3840,31363,1
29,15,4,edge_cap,13,2880,22720,1
29,16,4,edge_cap,11,1920,17409,1
29,17,4,edge_cap,11,1920,15631,1
29,18,4,edge_cap,11,960,9192,1
29,19,4,edge_cap,11,1920,16472,1
29,20,4,edge_cap,13,5760,54513,1
29,21,4,edge_cap,13,1920,18111,1
29,22,4,edge_cap,13,2304,22670,1
29,23,4,edge_cap,11,1920,16803,1
29,24,4,edge_cap,11,960,10269,1
29,25,4,edge_cap,13,5760,58026,1
29,26,4,edge_cap,11,1920,20445,1
29,27,4,edge_cap,11,960,10953,1
29,28,4,edge_cap,13,3840,41388,1
30,7,4,edge_cap,17,7552,49850,2
30,11,4,edge_cap,17,4598,32472,2
30,13,4,edge_cap,17,3840,27469,1
30,17,4,edge_cap,13,2880,23624,1
30,19,4,edge_cap,13,2880,25164,1
30,23,4,edge_cap,13,2880,28278,1
30,29,4,edge_cap,13,2880,31888,1
31,2,4,edge_cap,11,1844,12105,2
31,3,4,edge_cap,13,11054,68460,3
31,4,4,edge_cap,11,1895,13402,2
31,5,4,edge_cap,13,5587,35802,2
31,6,4,edge_cap,13,11325,77422,3
31,7,4,edge_cap,13,3758,23901,2
31,8,4,edge_cap,11,1919,15006,2
31,9,4,edge_cap,13,11469,86353,2
31,10,4,edge_cap,13,5751,44168,2
31,11,4,edge_cap,13,2296,16404,2
31,12,4,edge_cap,13,11503,92673,2
31,13,4,edge_cap,11,1918,14543,2
31,14,4,edge_cap,13,3839,32980,2
31,15,4,edge_cap,13,2880,23369,1
31,16,4,edge_cap,11,1920,18381,1
31,17,4,edge_cap,11,1920,16560,1
31,18,4,edge_cap,11,960,9582,1
31,19,4,edge_cap,11,1920,16891,1
31,20,4,edge_cap,13,5760,55007,1
31,21,4,edge_cap,13,1920,18837,1
31,22,4,edge_cap,13,2304,23807,1
31,23,4,edge_cap,11,1920,17763,1
31,24,4,edge_cap,11,960,10824,1
31,25,4,edge_cap,13,5760,61546,1
31,26,4,edge_cap,11,1920,20985,1
31,27,4,edge_cap,11,960,11148,1
31,28,4,edge_cap,13,3840,43737,1
31,29,4,edge_cap,11,1920,20175,1
31,30,4,edge_cap,13,2880,33868,1
32,3,4,edge_cap,13,11096,72326,2
32,5,4,edge_cap,13,5644,38923,2
32,7,4,edge_cap,13,3801,27253,2
32,9,4,edge_cap,13,11486,88281,2
32,11,4,edge_cap,13,2302,19392,2
32,13,4,edge_cap,11,1919,16763,2
32,15,4,edge_cap,13,2880,26390,1
32,17,4,edge_cap,11,1920,18380,1
32,19,4,edge_cap,11,1920,19353,1
32,21,4,edge_cap,13,1920,19125,1
32,23,4,edge_cap,11,1920,20868,1
32,25,4,edge_cap,13,5760,60850,1
32,27,4,edge_cap,11,960,11859,1
32,29,4,edge_cap,11,1920,23631,1
32,31,4,edge_cap,11,1920,24495,1
33,2,4,edge_cap,13,1104,7633,2
33,4,4,edge_cap,13,1126,7956,2
33,5,4,edge_cap,17,4506,30921,2
33,7,4,edge_cap,17,3009,21333,2
33,8,4,edge_cap,13,1146,8923,2
33,10,4,edge_cap,17,4601,35708,2
33,13,4,edge_cap,17,1536,13025,1
33,14,4,edge_cap,17,3071,25341,2
33,16,4,edge_cap,13,1152,10331,1
33,17,4,edge_cap,13,1152,11437,1
33,19,4,edge_cap,13,1152,11910,1
33,20,4,edge_cap,17,4606,41515,2
33,23,4,edge_cap,13,1152,13065,1
33,25,4,edge_cap,17,4608,48825,1
33,26,4,edge_cap,17,1536,15570,1
33,28,4,edge_cap,17,3072,31986,1
33,29,4,edge_cap,13,1152,14198,1
33,31,4,edge_cap,13,1152,14341,1
33,32,4,edge_cap,13,1152,14032,1
34,3,4,edge_cap,13,10752,70916,3
34,5,4,edge_cap,13,5641,39387,3
34,7,4,edge_cap,13,3800,28009,2
34,9,4,edge_cap,13,11463,85784,2
34,11,4,edge_cap,13,2299,19170,2
34,13,4,edge_cap,11,1919,16977,2
34,15,4,edge_cap,13,2880,23919,1
34,19,4,edge_cap,11,1920,19157,1
34,21,4,edge_cap,13,1920,18333,1
34,23,4,edge_cap,11,1920,21222,1
34,25,4,edge_cap,13,5760,60618,1
34,27,4,edge_cap,11,960,11184,1
34,29,4,edge_cap,11,1920,23481,1
34,31,4,edge_cap,11,1920,24453,1
34,33,4,edge_cap,13,1152,13482,1
35,2,4,edge_cap,17,14506,96122,2
35,3,4,edge_cap,17,7546,49544,2
35,4,4,edge_cap,17,14634,98156,2
35,6,4,edge_cap,17,7564,55640,2
35,8,4,edge_cap,13,956,7292,2
35,9,4,edge_cap,17,7620,60430,2
35,11,4,edge_cap,17,1536,12956,1
35,12,4,edge_cap,17,7609,62884,2
35,13,4,edge_cap,17,1278,12222,2
35,16,4,edge_cap,13,960,8587,1
35,17,4,edge_cap,13,960,10079,1
35,18,4,edge_cap,17,7680,69772,1
35,19,4,edge_cap,13,960,10070,1
35,22,4,edge_cap,17,1536,14567,1
35,23,4,edge_cap,13,960,10774,1
35,24,4,edge_cap,17,7680,76323,1
35,26,4,edge_cap,17,1280,12927,1
35,27,4,edge_cap,17,7680,81489,1
35,29,4,edge_cap,13,960,12455,1
35,31,4,edge_cap,13,960,12675,1
35,32,4,edge_cap,13,960,11508,1
35,33,4,edge_cap,17,768,9311,1
35,34,4,edge_cap,13,960,10738,1
36,5,4,edge_cap,13,2818,21604,3
36,7,4,edge_cap,13,1918,16244,2
36,11,4,edge_cap,13,1150,10507,2
36,13,4,edge_cap,11,960,8936,1
36,17,4,edge_cap,11,960,9740,1
36,19,4,edge_cap,11,960,10146,1
36,23,4,edge_cap,11,960,11193,1
36,25,4,edge_cap,13,2880,33229,1
36,29,4,edge_cap,11,960,12822,1
36,31,4,edge_cap,11,960,13107,1
36,35,4,edge_cap,17,7680,91506,1
37,2,4,edge_cap,11,1899,15114,2
37,3,4,edge_cap,13,11330,84275,2
37,4,4,edge_cap,11,1914,15949,2
37,5,4,edge_cap,13,5716,41963,2
37,6,4,edge_cap,13,11469,92528,2
37,7,4,edge_cap,13,3820,30420,3
37,8,4,edge_cap,11,1920,17539,1
37,9,4,edge_cap,13,11496,99038,2
37,10,4,edge_cap,13,5754,52208,2
37,11,4,edge_cap,13,2302,19890,2
37,12,4,edge_cap,11,960,9612,1
37,13,4,edge_cap,11,1919,16302,2
37,14,4,edge_cap,13,3840,37003,1
37,15,4,edge_cap,13,2880,28670,1
37,16,4,edge_cap,11,1920,20889,1
37,17,4,edge_cap,11,1920,19106,1
37,18,4,edge_cap,11,960,10776,1
37,19,4,edge_cap,11,1920,19736,1
37,20,4,edge_cap,13,5760,62785,1
37,21,4,edge_cap,13,1920,21129,1
37,22,4,edge_cap,13,2304,26527,1
37,23,4,edge_cap,11,1920,20625,1
37,24,4,edge_cap,11,960,12048,1
37,25,4,edge_cap,13,5760,69314,1
37,26,4,edge_cap,11,1920,23625,1
37,27,4,edge_cap,11,960,12567,1
37,28,4,edge_cap,13,3840,48384,1
37,29,4,edge_cap,11,1920,22476,1
37,30,4,edge_cap,13,2880,36937,1
37,31,4,edge_cap,11,1920,23457,1
37,32,4,edge_cap,11,1920,27096,1
37,33,4,edge_cap,13,1152,15834,1
37,34,4,edge_cap,11,1920,27009,1
37,35,4,edge_cap,13,960,14367,1
37,36,4,edge_cap,11,960,14550,1
38,3,4,edge_cap,13,11270,83911,3
38,5,4,edge_cap,13,5702,44064,2
38,7,4,edge_cap,13,3824,31657,2
38,9,4,edge_cap,13,11457,94533,2
38,11,4,edge_cap,13,2302,20867,2
38,13,4,edge_cap,11,1920,18489,1
38,15,4,edge_cap,13,2876,25777,2
38,17,4,edge_cap,11,1920,20181,1
38,21,4,edge_cap,13,1920,19521,1
38,23,4,edge_cap,11,1920,22473,1
38,25,4,edge_cap,13,5760,63534,1
38,27,4,edge_cap,11,960,12255,1
38,29,4,edge_cap,11,1920,25146,1
38,31,4,edge_cap,11,1920,26070,1
38,33,4,edge_cap,13,1152,13970,1
38,35,4,edge_cap,13,960,12025,1
38,37,4,edge_cap,11,1920,28524,1
39,2,4,edge_cap,11,929,7643,2
39,4,4,edge_cap,11,949,7977,2
39,5,4,edge_cap,17,3792,30157,2
39,7,4,edge_cap,17,2509,18161,3
39,8,4,edge_cap,11,959,8587,2
39,10,4,edge_cap,17,3833,31760,2
39,11,4,edge_cap,17,1534,13579,2
39,14,4,edge_cap,17,2560,24028,1
39,16,4,edge_cap,11,960,10014,1
39,17,4,edge_cap,11,960,10092,1
39,19,4,edge_cap,11,960,10478,1
39,20,4,edge_cap,17,3840,38715,1
39,22,4,edge_cap,17,1536,15763,1
39,23,4,edge_cap,11,960,11352,1
39,25,4,edge_cap,17,3840,45240,1
39,28,4,edge_cap,17,2560,29718,1
39,29,4,edge_cap,11,960,12498,1
39,31,4,edge_cap,11,960,12753,1
39,32,4,edge_cap,11,960,12702,1
39,34,4,edge_cap,11,960,11787,1
39,35,4,edge_cap,17,640,8208,1
39,37,4,edge_cap,11,960,13788,1
39,38,4,edge_cap,11,960,12930,1
40,3,4,edge_cap,13,2861,22883,2
40,7,4,edge_cap,13,957,8579,2
40,9,4,edge_cap,13,2870,25243,2
40,11,4,edge_cap,17,9186,83333,1
40,13,4,edge_cap,17,7671,76290,2
40,17,4,edge_cap,13,5760,58754,1
40,19,4,edge_cap,13,5760,61439,1
40,21,4,edge_cap,17,7680,81798,1
40,23,4,edge_cap,13,5760,68243,1
40,27,4,edge_cap,13,2880,36739,1
40,29,4,edge_cap,13,5760,73470,1
40,31,4,edge_cap,13,5760,76440,1
40,33,4,edge_cap,17,4608,58610,1
40,37,4,edge_cap,13,5760,83733,1
40,39,4,edge_cap,17,3840,51690,1
41,2,4,edge_cap,11,1909,16671,2
41,3,4,edge_cap,13,11393,95393,3
41,4,4,edge_cap,11,1915,17286,2
41,5,4,edge_cap,13,5725,46838,2
41,6,4,edge_cap,11,960,9204,1
41,7,4,edge_cap,13,3832,34868,2
41,8,4,edge_cap,11,1920,19030,1
41,9,4,edge_cap,11,960,9875,1
41,10,4,edge_cap,13,5755,56519,2
41,11,4,edge_cap,13,2302,21952,2
41,12,4,edge_cap,11,960,10476,1
41,13,4,edge_cap,11,1920,18938,1
41,14,4,edge_cap,13,3840,40010,1
41,15,4,edge_cap,13,2880,31285,1
41,16,4,edge_cap,11,1920,22395,1
41,17,4,edge_cap,11,1920,20333,1
41,18,4,edge_cap,11,960,11580,1
41,19,4,edge_cap,11,1920,21684,1
41,20,4,edge_cap,13,5760,66944,1
41,21,4,edge_cap,13,1920,23142,1
41,22,4,edge_cap,13,2304,27914,1
41,23,4,edge_cap,11,1920,22599,1
41,24,4,edge_cap,11,960,12543,1
41,25,4,edge_cap,13,5760,70602,1
41,26,4,edge_cap,11,1920,24942,1
41,27,4,edge_cap,11,960,13539,1
41,28,4,edge_cap,13,3840,51276,1
41,29,4,edge_cap,11,1920,25068,1
41,30,4,edge_cap,13,2880,38872,1
41,31,4,edge_cap,11,1920,25803,1
41,32,4,edge_cap,11,1920,28590,1
41,33,4,edge_cap,13,1152,16857,1
41,34,4,edge_cap,11,1920,28350,1
41,35,4,edge_cap,13,960,14367,1
41,36,4,edge_cap,11,960,15348,1
41,37,4,edge_cap,11,1920,28113,1
41,38,4,edge_cap,11,1920,30063,1
41,39,4,edge_cap,11,960,15102,1
41,40,4,edge_cap,13,5760,89114,1
42,5,4,edge_cap,17,7604,64517,2
42,11,4,edge_cap,17,3072,29078,1
42,13,4,edge_cap,17,2560,25097,1
42,17,4,edge_cap,13,1920,19698,1
42,19,4,edge_cap,13,1920,20346,1
42,23,4,edge_cap,13,1920,22227,1
42,25,4,edge_cap,17,7680,92757,1
42,29,4,edge_cap,13,1920,24954,1
42,31,4,edge_cap,13,1920,25746,1
42,37,4,edge_cap,13,1920,28749,1
42,41,4,edge_cap,13,1920,29904,1
43,2,4,edge_cap,11,1911,17256,2
43,3,4,edge_cap,13,11420,97604,3
43,4,4,edge_cap,11,1918,18139,2
43,5,4,edge_cap,13,5720,48891,2
43,6,4,edge_cap,11,960,9557,1
43,7,4,edge_cap,13,3834,35284,2
43,8,4,edge_cap,11,1920,19974,1
43,9,4,edge_cap,11,960,10308,1
43,10,4,edge_cap,13,5757,58627,2
43,11,4,edge_cap,13,2301,22504,2
43,12,4,edge_cap,11,960,10826,1
43,13,4,edge_cap,11,1920,19698,1
43,14,4,edge_cap,13,3840,41218,1
43,15,4,edge_cap,13,2880,31679,1
43,16,4,edge_cap,11,1920,23019,1
43,17,4,edge_cap,11,1920,21504,1
43,18,4,edge_cap,11,960,12012,1
43,19,4,edge_cap,11,1920,21494,1
43,20,4,edge_cap,13,5760,70058,1
43,21,4,edge_cap,13,1920,24060,1
43,22,4,edge_cap,13,2304,28915,1
43,23,4,edge_cap,11,1920,23508,1
43,24,4,edge_cap,11,960,13137,1
43,25,4,edge_cap,13,5760,73725,1
43,26,4,edge_cap,11,1920,25437,1
43,27,4,edge_cap,11,960,13761,1
43,28,4,edge_cap,13,3840,51870,1
43,29,4,edge_cap,11,1920,26004,1
43,30,4,edge_cap,13,2880,39907,1
43,31,4,edge_cap,11,1920,26352,1
43,32,4,edge_cap,11,1920,29514,1
43,33,4,edge_cap,13,1152,17334,1
43,34,4,edge_cap,11,1920,29064,1
43,35,4,edge_cap,13,960,14576,1
43,36,4,edge_cap,11,960,15573,1
43,37,4,edge_cap,11,1920,28869,1
43,38,4,edge_cap,11,1920,30918,1
43,39,4,edge_cap,11,960,15252,1
43,40,4,edge_cap,13,5760,92040,1
43,41,4,edge_cap,11,1920,30636,1
43,42,4,edge_cap,13,1920,31092,1
44,3,4,edge_cap,13,1148,10452,1
44,5,4,edge_cap,17,9122,81525,2
44,7,4,edge_cap,17,6107,53474,3
44,9,4,edge_cap,13,1152,12019,1
44,13,4,edge_cap,17,3072,31618,1
44,15,4,edge_cap,17,4608,46580,1
44,17,4,edge_cap,13,2304,25833,1
44,19,4,edge_cap,13,2304,26939,1
44,21,4,edge_cap,17,3072,35406,1
44,23,4,edge_cap,13,2304,28638,1
44,25,4,edge_cap,13,576,7579,1
44,27,4,edge_cap,13,1152,15451,1
44,29,4,edge_cap,13,2304,31992,1
44,31,4,edge_cap,13,2304,33059,1
44,35,4,edge_cap,17,1536,20090,1
44,37,4,edge_cap,13,2304,35890,1
44,39,4,edge_cap,17,1536,22065,1
44,41,4,edge_cap,13,2304,37603,1
44,43,4,edge_cap,13,2304,38644,1
45,2,4,edge_cap,13,2864,25922,2
45,4,4,edge_cap,13,2868,26465,2
45,7,4,edge_cap,17,7600,68522,2
45,8,4,edge_cap,13,2880,27754,1
45,11,4,edge_cap,17,4608,48384,1
45,13,4,edge_cap,17,3840,39840,1
45,14,4,edge_cap,17,7680,81147,1
45,16,4,edge_cap,13,2880,32786,1
45,17,4,edge_cap,13,2880,33278,1
45,19,4,edge_cap,13,2880,35458,1
45,22,4,edge_cap,17,4608,51255,1
45,23,4,edge_cap,13,2880,37394,1
45,26,4,edge_cap,17,3840,47760,1
45,28,4,edge_cap,13,480,6745,1
45,29,4,edge_cap,13,2880,39770,1
45,31,4,edge_cap,13,2880,41210,1
45,32,4,edge_cap,13,2880,42437,1
45,34,4,edge_cap,13,2880,39027,1
45,37,4,edge_cap,13,2880,44820,1
45,38,4,edge_cap,13,2880,40512,1
45,41,4,edge_cap,13,2880,47493,1
45,43,4,edge_cap,13,2880,48384,1
45,44,4,edge_cap,17,4608,71260,1
46,3,4,edge_cap,13,11368,97813,2
46,5,4,edge_cap,13,5757,55590,1
46,7,4,edge_cap,13,3812,37097,2
46,9,4,edge_cap,11,959,9919,1
46,11,4,edge_cap,13,2302,24058,2
46,13,4,edge_cap,11,1920,21017,1
46,15,4,edge_cap,13,2880,30151,1
46,17,4,edge_cap,11,1920,23400,1
46,19,4,edge_cap,11,1920,23937,1
46,21,4,edge_cap,13,1920,21936,1
46,25,4,edge_cap,13,5760,76276,1
46,27,4,edge_cap,11,960,13512,1
46,29,4,edge_cap,11,1920,28083,1
46,31,4,edge_cap,11,1920,29190,1
46,33,4,edge_cap,13,1152,15737,1
46,35,4,edge_cap,13,960,13693,1
46,37,4,edge_cap,11,1920,31809,1
46,39,4,edge_cap,11,960,14229,1
46,41,4,edge_cap,11,1920,33321,1
46,43,4,edge_cap,11,1920,33942,1
46,45,4,edge_cap,13,2880,46056,1
47,2,4,edge_cap,11,1915,19182,2
47,3,4,edge_cap,11,960,9748,1
47,4,4,edge_cap,11,1920,19934,1
47,5,4,edge_cap,13,5733,52473,2
47,6,4,edge_cap,11,960,10327,1
47,7,4,edge_cap,13,3831,36142,2
47,8,4,edge_cap,11,1920,21265,1
47,9,4,edge_cap,11,960,11226,1
47,10,4,edge_cap,13,5760,63216,1
47,11,4,edge_cap,13,2301,23777,2
47,12,4,edge_cap,11,960,11796,1
47,13,4,edge_cap,11,1920,20576,1
47,14,4,edge_cap,13,3840,44313,1
47,15,4,edge_cap,13,2880,33871,1
47,16,4,edge_cap,11,1920,24894,1
47,17,4,edge_cap,11,1920,22335,1
47,18,4,edge_cap,11,960,12792,1
47,19,4,edge_cap,11,1920,23549,1
47,20,4,edge_cap,13,5760,73843,1
47,21,4,edge_cap,13,1920,25314,1
47,22,4,edge_cap,13,2304,30910,1
47,23,4,edge_cap,11,1920,23475,1
47,24,4,edge_cap,11,960,13803,1
47,25,4,edge_cap,13,5760,77885,1
47,26,4,edge_cap,11,1920,26916,1
47,27,4,edge_cap,11,960,14601,1
47,28,4,edge_cap,13,3840,55389,1
47,29,4,edge_cap,11,1920,26607,1
47,30,4,edge_cap,13,2880,42338,1
47,31,4,edge_cap,11,1920,27324,1
47,32,4,edge_cap,11,1920,31026,1
47,33,4,edge_cap,13,1152,18060,1
47,34,4,edge_cap,11,1920,30795,1
47,35,4,edge_cap,13,960,15300,1
47,36,4,edge_cap,11,960,16560,1
47,37,4,edge_cap,11,1920,29709,1
47,38,4,edge_cap,11,1920,32412,1
47,39,4,edge_cap,11,960,15687,1
47,40,4,edge_cap,13,5760,95231,1
47,41,4,edge_cap,11,1920,31608,1
47,42,4,edge_cap,13,1920,32445,1
47,43,4,edge_cap,11,1920,32562,1
47,44,4,edge_cap,13,2304,40122,1
47,45,4,edge_cap,13,2880,50419,1
47,46,4,edge_cap,11,1920,35982,1
48,5,4,edge_cap,13,2864,27948,2
48,7,4,edge_cap,13,1918,19569,2
48,11,4,edge_cap,13,1152,13155,1
48,13,4,edge_cap,11,960,11394,1
48,17,4,edge_cap,11,960,11991,1
48,19,4,edge_cap,11,960,12387,1
48,23,4,edge_cap,11,960,13059,1
48,25,4,edge_cap,13,2880,39520,1
48,29,4,edge_cap,11,960,14430,1
48,31,4,edge_cap,11,960,14997,1
48,35,4,edge_cap,13,480,7438,1
48,37,4,edge_cap,11,960,16560,1
48,41,4,edge_cap,11,960,17280,1
48,43,4,edge_cap,11,960,17865,1
48,47,4,edge_cap,11,960,18483,1
49,2,4,edge_cap,13,3826,37165,2
49,3,4,edge_cap,13,1913,19335,2
49,4,4,edge_cap,13,3829,39007,2
49,5,4,edge_cap,13,960,9800,1
49,6,4,edge_cap,13,1916,19514,2
49,8,4,edge_cap,13,3837,40735,2
49,9,4,edge_cap,13,1920,21449,1
49,10,4,edge_cap,13,960,11061,1
49,11,4,edge_cap,17,6144,68076,1
49,12,4,edge_cap,13,1920,21810,1
49,13,4,edge_cap,17,5120,59162,1
49,15,4,edge_cap,17,7680,87129,1
49,16,4,edge_cap,13,3840,47243,1
49,17,4,edge_cap,13,3840,46429,1
49,18,4,edge_cap,13,1920,23784,1
49,19,4,edge_cap,13,3840,49008,1
49,20,4,edge_cap,13,960,12672,1
49,22,4,edge_cap,17,6144,77616,1
49,23,4,edge_cap,13,3840,51978,1
49,24,4,edge_cap,13,1920,26484,1
49,25,4,edge_cap,13,960,14191,1
49,26,4,edge_cap,17,5120,68436,1
49,27,4,edge_cap,13,1920,28047,1
49,29,4,edge_cap,13,3840,56361,1
49,30,4,edge_cap,13,480,7240,1
49,31,4,edge_cap,13,3840,59040,1
49,32,4,edge_cap,13,3840,58359,1
49,33,4,edge_cap,17,3072,45534,1
49,34,4,edge_cap,13,3840,57633,1
49,36,4,edge_cap,13,1920,30762,1
49,37,4,edge_cap,13,3840,63324,1
49,38,4,edge_cap,13,3840,60267,1
49,39,4,edge_cap,17,2560,40608,1
49,40,4,edge_cap,13,960,16096,1
49,41,4,edge_cap,13,3840,65034,1
49,43,4,edge_cap,13,3840,67185,1
49,44,4,edge_cap,13,384,6744,1
49,45,4,edge_cap,13,480,8302,1
49,46,4,edge_cap,13,3840,66840,1
49,47,4,edge_cap,13,3840,70254,1
49,48,4,edge_cap,13,1920,34788,1
50,3,4,edge_cap,13,2874,30127,2
50,7,4,edge_cap,13,960,10429,1
50,9,4,edge_cap,13,2880,32785,1
50,11,4,edge_cap,17,9212,97942,2
50,13,4,edge_cap,17,7677,85471,2
50,17,4,edge_cap,13,5760,71917,1
50,19,4,edge_cap,13,5760,73053,1
50,21,4,edge_cap,17,7680,97998,1
50,23,4,edge_cap,13,5760,77165,1
50,27,4,edge_cap,13,2880,43229,1
50,29,4,edge_cap,13,5760,85627,1
50,31,4,edge_cap,13,5760,86221,1
50,33,4,edge_cap,17,4608,68730,1
50,37,4,edge_cap,13,5760,94988,1
50,39,4,edge_cap,17,3840,59805,1
50,41,4,edge_cap,13,5760,99875,1
50,43,4,edge_cap,11,480,9163,1
50,47,4,edge_cap,11,480,9660,1
50,49,4,edge_cap,13,960,17638,1
51,2,4,edge_cap,11,958,10132,2
51,4,4,edge_cap,11,959,10462,1
51,5,4,edge_cap,13,2873,28546,2
51,7,4,edge_cap,13,1918,20188,2
51,8,4,edge_cap,11,960,11324,1
51,10,4,edge_cap,13,2880,30425,1
51,11,4,edge_cap,13,1151,12335,2
51,13,4,edge_cap,11,960,11229,1
51,14,4,edge_cap,13,1920,22230,1
51,16,4,edge_cap,11,960,12737,1
51,19,4,edge_cap,11,960,12459,1
51,20,4,edge_cap,13,2880,35504,1
51,22,4,edge_cap,13,1152,15164,1
51,23,4,edge_cap,11,960,13887,1
51,25,4,edge_cap,13,2880,39627,1
51,26,4,edge_cap,11,960,13326,1
51,28,4,edge_cap,13,1920,27066,1
51,29,4,edge_cap,11,960,15312,1
51,31,4,edge_cap,11,960,15390,1
51,32,4,edge_cap,11,960,15384,1
51,35,4,edge_cap,13,480,7193,1
51,37,4,edge_cap,11,960,16890,1
51,38,4,edge_cap,11,960,15327,1
51,40,4,edge_cap,13,2880,45111,1
51,41,4,edge_cap,11,960,17874,1
51,43,4,edge_cap,11,960,17991,1
51,44,4,edge_cap,13,1152,19228,1
51,46,4,edge_cap,11,960,16764,1
51,47,4,edge_cap,11,960,18534,1
51,49,4,edge_cap,13,1920,35604,1
51,50,4,edge_cap,13,2880,51314,1
52,3,4,edge_cap,11,960,10436,1
52,5,4,edge_cap,17,7583,74034,3
52,7,4,edge_cap,17,5089,52959,2
52,9,4,edge_cap,11,960,11625,1
52,11,4,edge_cap,17,3072,34428,1
52,15,4,edge_cap,17,3840,45156,1
52,17,4,edge_cap,11,1920,24138,1
52,19,4,edge_cap,11,1920,25452,1
52,21,4,edge_cap,17,2560,32247,1
52,23,4,edge_cap,11,1920,27024,1
52,25,4,edge_cap,11,480,7075,1
52,27,4,edge_cap,11,960,14541,1
52,29,4,edge_cap,11,1920,29130,1
52,31,4,edge_cap,11,1920,30300,1
52,33,4,edge_cap,17,1536,23385,1
52,35,4,edge_cap,17,1280,18783,1
52,37,4,edge_cap,11,1920,32958,1
52,41,4,edge_cap,11,1920,33933,1
52,43,4,edge_cap,11,1920,34968,1
52,45,4,edge_cap,17,3840,64785,1
52,47,4,edge_cap,11,1920,36771,1
52,49,4,edge_cap,17,5120,92979,1
52,51,4,edge_cap,11,960,17958,1
53,2,4,edge_cap,11,1920,21549,1
53,3,4,edge_cap,11,960,10965,1
53,4,4,edge_cap,11,1920,22012,1
53,5,4,edge_cap,13,5754,59660,2
53,6,4,edge_cap,11,960,11460,1
53,7,4,edge_cap,13,3840,41661,1
53,8,4,edge_cap,11,1920,23918,1
53,9,4,edge_cap,11,960,12118,1
53,10,4,edge_cap,13,5759,68689,2
53,11,4,edge_cap,13,2304,27332,1
53,12,4,edge_cap,11,960,12933,1
53,13,4,edge_cap,11,1920,22789,1
53,14,4,edge_cap,13,3840,49292,1
53,15,4,edge_cap,13,2880,36988,1
53,16,4,edge_cap,11,1920,26973,1
53,17,4,edge_cap,11,1920,24924,1
53,18,4,edge_cap,11,960,13953,1
53,19,4,edge_cap,11,1920,25716,1
53,20,4,edge_cap,13,5760,81108,1
53,21,4,edge_cap,13,1920,27381,1
53,22,4,edge_cap,13,2304,32954,1
53,23,4,edge_cap,11,1920,26757,1
53,24,4,edge_cap,11,960,15021,1
53,25,4,edge_cap,13,5760,84960,1
53,26,4,edge_cap,11,1920,29037,1
53,27,4,edge_cap,11,960,15741,1
53,28,4,edge_cap,13,3840,59166,1
53,29,4,edge_cap,11,1920,29070,1
53,30,4,edge_cap,13,2880,45353,1
53,31,4,edge_cap,11,1920,30030,1
53,32,4,edge_cap,11,1920,33450,1
53,33,4,edge_cap,13,1152,18963,1
53,34,4,edge_cap,11,1920,32769,1
53,35,4,edge_cap,13,960,17021,1
53,36,4,edge_cap,11,960,17742,1
53,37,4,edge_cap,11,1920,32298,1
53,38,4,edge_cap,11,1920,34728,1
53,39,4,edge_cap,11,960,16782,1
53,40,4,edge_cap,11,480,9298,1
53,41,4,edge_cap,11,1920,34332,1
53,42,4,edge_cap,13,1920,34479,1
53,43,4,edge_cap,11,1920,35208,1
53,44,4,edge_cap,13,2304,43167,1
53,45,4,edge_cap,13,2880,53282,1
53,46,4,edge_cap,11,1920,37758,1
53,47,4,edge_cap,11,1920,35682,1
53,48,4,edge_cap,11,960,19815,1
53,49,4,edge_cap,13,3840,74592,1
53,50,4,edge_cap,11,480,10299,1
53,51,4,edge_cap,11,960,19764,1
53,52,4,edge_cap,11,1920,38568,1
54,5,4,edge_cap,13,2874,32675,2
54,7,4,edge_cap,13,1918,21147,2
54,11,4,edge_cap,13,1152,14682,1
54,13,4,edge_cap,11,960,12500,1
54,17,4,edge_cap,11,960,13259,1
54,19,4,edge_cap,11,960,13755,1
54,23,4,edge_cap,11,960,14427,1
54,25,4,edge_cap,13,2880,42589,1
54,29,4,edge_cap,11,960,15648,1
54,31,4,edge_cap,11,960,16158,1
54,35,4,edge_cap,13,480,8041,1
54,37,4,edge_cap,11,960,17643,1
54,41,4,edge_cap,11,960,18405,1
54,43,4,edge_cap,11,960,18837,1
54,47,4,edge_cap,11,960,19788,1
54,49,4,edge_cap,13,1920,37053,1
54,53,4,edge_cap,11,960,21108,1
55,2,4,edge_cap,17,9197,92921,2
55,3,4,edge_cap,17,4562,42912,1
55,4,4,edge_cap,17,9200,96949,2
55,6,4,edge_cap,17,4602,52075,2
55,7,4,edge_cap,17,1536,16264,1
55,8,4,edge_cap,13,576,6866,1
55,9,4,edge_cap,17,4576,49787,2
55,12,4,edge_cap,17,4608,54928,1
55,13,4,edge_cap,17,768,9785,1
55,14,4,edge_cap,17,1536,18972,1
55,16,4,edge_cap,13,576,7673,1
55,17,4,edge_cap,13,576,7944,1
55,18,4,edge_cap,17,4608,59503,1
55,19,4,edge_cap,13,576,7988,1
55,21,4,edge_cap,17,768,9730,1
55,23,4,edge_cap,13,576,8373,1
55,24,4,edge_cap,17,4608,63025,1
55,26,4,edge_cap,17,768,10520,1
55,27,4,edge_cap,17,4608,64565,1
55,28,4,edge_cap,17,1536,22160,1
55,29,4,edge_cap,13,576,9335,1
55,31,4,edge_cap,13,576,9280,1
55,32,4,edge_cap,13,576,9413,1
55,34,4,edge_cap,13,576,8918,1
55,36,4,edge_cap,17,4608,72985,1
55,37,4,edge_cap,13,576,10418,1
55,38,4,edge_cap,13,576,9567,1
55,39,4,edge_cap,17,384,6040,1
55,41,4,edge_cap,13,576,10880,1
55,42,4,edge_cap,17,768,12984,1
55,43,4,edge_cap,13,576,10924,1
55,46,4,edge_cap,13,576,10616,1
55,47,4,edge_cap,13,576,11199,1
55,48,4,edge_cap,17,4608,83015,1
55,49,4,edge_cap,17,1536,31386,1
55,51,4,edge_cap,19,5184,90426,1
55,52,4,edge_cap,17,768,14335,1
55,53,4,edge_cap,13,576,12106,1
55,54,4,edge_cap,17,4608,86590,1
56,3,4,edge_cap,13,1918,21145,1
56,5,4,edge_cap,13,959,11558,2
56,9,4,edge_cap,13,1920,22614,1
56,11,4,edge_cap,17,6142,72035,2
56,13,4,edge_cap,17,5119,62565,2
56,15,4,edge_cap,17,7680,98985,1
56,17,4,edge_cap,13,3840,51158,1
56,19,4,edge_cap,13,3840,54287,1
56,23,4,edge_cap,13,3840,55058,1
56,25,4,edge_cap,13,960,14708,1
56,27,4,edge_cap,13,1920,30416,1
56,29,4,edge_cap,13,3840,60590,1
56,31,4,edge_cap,13,3840,62432,1
56,33,4,edge_cap,17,3072,48312,1
56,37,4,edge_cap,13,3840,66536,1
56,39,4,edge_cap,17,2560,42675,1
56,41,4,edge_cap,13,3840,70088,1
56,43,4,edge_cap,13,3840,71798,1
56,45,4,edge_cap,13,480,9458,1
56,47,4,edge_cap,13,3840,75296,1
56,51,4,edge_cap,13,1920,35843,1
56,53,4,edge_cap,13,3840,79205,1
56,55,4,edge_cap,17,1536,29569,1
57,2,4,edge_cap,11,958,11457,1
57,4,4,edge_cap,11,958,11492,2
57,5,4,edge_cap,13,2877,31084,2
57,7,4,edge_cap,13,1920,22779,1
57,8,4,edge_cap,11,959,12369,2
57,10,4,edge_cap,13,2878,34191,2
57,11,4,edge_cap,13,1152,14152,1
57,13,4,edge_cap,11,960,12207,1
57,14,4,edge_cap,13,1920,23371,1
57,16,4,edge_cap,11,960,13712,1
57,17,4,edge_cap,11,960,13288,1
57,20,4,edge_cap,13,2880,38420,1
57,22,4,edge_cap,13,1152,16246,1
57,23,4,edge_cap,11,960,15180,1
57,25,4,edge_cap,13,2880,41950,1
57,26,4,edge_cap,11,960,14714,1
57,28,4,edge_cap,13,1920,28661,1
57,29,4,edge_cap,11,960,16506,1
57,31,4,edge_cap,11,960,16953,1
57,32,4,edge_cap,11,960,16538,1
57,34,4,edge_cap,11,960,15683,1
57,35,4,edge_cap,13,480,7715,1
57,37,4,edge_cap,11,960,18048,1
57,40,4,edge_cap,13,2880,47091,1
57,41,4,edge_cap,11,960,19083,1
57,43,4,edge_cap,11,960,19542,1
57,44,4,edge_cap,13,1152,20343,1
57,46,4,edge_cap,11,960,17567,1
57,47,4,edge_cap,11,960,20367,1
57,49,4,edge_cap,13,1920,37665,1
57,50,4,edge_cap,13,2880,54319,1
57,52,4,edge_cap,11,960,18818,1
57,53,4,edge_cap,11,960,20997,1
57,55,4,edge_cap,17,4608,86370,1
57,56,4,edge_cap,13,1920,38548,1
58,3,4,edge_cap,11,959,11609,2
58,5,4,edge_cap,13,5755,66678,2
58,7,4,edge_cap,13,3840,47270,1
58,9,4,edge_cap,11,960,12845,1
58,11,4,edge_cap,13,2304,29230,1
58,13,4,edge_cap,11,1920,25364,1
58,15,4,edge_cap,13,2880,37283,1
58,17,4,edge_cap,11,1920,27536,1
58,19,4,edge_cap,11,1920,28460,1
58,21,4,edge_cap,13,1920,27155,1
58,23,4,edge_cap,11,1920,30482,1
58,25,4,edge_cap,13,5760,89569,1
58,27,4,edge_cap,11,960,16334,1
58,31,4,edge_cap,11,1920,33602,1
58,33,4,edge_cap,13,1152,18975,1
58,35,4,edge_cap,13,960,16242,1
58,37,4,edge_cap,11,1920,36254,1
58,39,4,edge_cap,11,960,16898,1
58,41,4,edge_cap,11,1920,37889,1
58,43,4,edge_cap,11,1920,38591,1
58,45,4,edge_cap,13,2880,53131,1
58,47,4,edge_cap,11,1920,40418,1
58,49,4,edge_cap,13,3840,77210,1
58,51,4,edge_cap,11,960,19343,1
58,53,4,edge_cap,11,1920,42578,1
58,55,4,edge_cap,13,576,12011,1
58,57,4,edge_cap,11,960,20698,1
59,2,4,edge_cap,11,1920,23861,1
59,3,4,edge_cap,11,960,12095,1
59,4,4,edge_cap,11,1920,24395,1
59,5,4,edge_cap,13,5758,69911,1
59,6,4,edge_cap,11,960,12685,1
59,7,4,edge_cap,13,3838,45437,2
59,8,4,edge_cap,11,1920,25961,1
59,9,4,edge_cap,11,960,13560,1
59,10,4,edge_cap,13,5760,75198,1
59,11,4,edge_cap,13,2304,29112,1
59,12,4,edge_cap,11,960,14197,1
59,13,4,edge_cap,11,1920,25686,1
59,14,4,edge_cap,13,3840,53712,1
59,15,4,edge_cap,13,2880,40113,1
59,16,4,edge_cap,11,1920,29372,1
59,17,4,edge_cap,11,1920,27348,1
59,18,4,edge_cap,11,960,15047,1
59,19,4,edge_cap,11,1920,27600,1
59,20,4,edge_cap,13,5760,86940,1
59,21,4,edge_cap,13,1920,30015,1
59,22,4,edge_cap,13,2304,35664,1
59,23,4,edge_cap,11,1920,29091,1
59,24,4,edge_cap,11,960,16229,1
59,25,4,edge_cap,13,5760,92342,1
59,26,4,edge_cap,11,1920,30992,1
59,27,4,edge_cap,11,960,16905,1
59,28,4,edge_cap,13,3840,63362,1
59,29,4,edge_cap,11,1920,32502,1
59,30,4,edge_cap,13,2880,48223,1
59,31,4,edge_cap,11,1920,32862,1
59,32,4,edge_cap,11,1920,35627,1
59,33,4,edge_cap,13,1152,20492,1
59,34,4,edge_cap,11,1920,34853,1
59,35,4,edge_cap,13,960,16933,1
59,36,4,edge_cap,11,960,18896,1
59,37,4,edge_cap,11,1920,35460,1
59,38,4,edge_cap,11,1920,36731,1
59,39,4,edge_cap,11,960,17955,1
59,40,4,edge_cap,11,480,9798,1
59,41,4,edge_cap,11,1920,36972,1
59,42,4,edge_cap,13,1920,36872,1
59,43,4,edge_cap,11,1920,37431,1
59,44,4,edge_cap,13,2304,45367,1
59,45,4,edge_cap,13,2880,58199,1
59,46,4,edge_cap,11,1920,40238,1
59,47,4,edge_cap,11,1920,38253,1
59,48,4,edge_cap,11,960,20888,1
59,49,4,edge_cap,13,3840,77595,1
59,50,4,edge_cap,11,480,10845,1
59,51,4,edge_cap,11,960,20877,1
59,52,4,edge_cap,11,1920,40913,1
59,53,4,edge_cap,11,1920,41268,1
59,54,4,edge_cap,11,960,22313,1
59,55,4,edge_cap,13,576,12859,1
59,56,4,edge_cap,13,3840,84286,1
59,57,4,edge_cap,11,960,22386,1
59,58,4,edge_cap,11,1920,44638,1
60,7,4,edge_cap,17,7680,93648,1
60,11,4,edge_cap,17,4608,59312,1
60,13,4,edge_cap,17,3840,50037,1
60,17,4,edge_cap,13,2880,39859,1
60,19,4,edge_cap,13,2880,40939,1
60,23,4,edge_cap,13,2880,42534,1
60,29,4,edge_cap,13,2880,45847,1
60,31,4,edge_cap,13,2880,47332,1
60,37,4,edge_cap,13,2880,50897,1
60,41,4,edge_cap,13,2880,53570,1
60,43,4,edge_cap,13,2880,54615,1
60,47,4,edge_cap,13,2880,58081,1
60,49,4,edge_cap,13,480,10349,1
60,53,4,edge_cap,13,2880,61789,1
60,59,4,edge_cap,13,2880,64859,1
61,2,4,edge_cap,11,1920,24847,1
61,3,4,edge_cap,11,960,12681,1
61,4,4,edge_cap,11,1920,25656,1
61,5,4,edge_cap,13,5758,69614,1
61,6,4,edge_cap,11,960,13178,1
61,7,4,edge_cap,13,3838,46987,2
61,8,4,edge_cap,11,1920,27126,1
61,9,4,edge_cap,11,960,13863,1
61,10,4,edge_cap,13,5760,77658,1
61,11,4,edge_cap,13,2304,31318,1
61,12,4,edge_cap,11,960,14467,1
61,13,4,edge_cap,11,1920,25940,1
61,14,4,edge_cap,13,3840,55587,1
61,15,4,edge_cap,13,2880,41302,1
61,16,4,edge_cap,11,1920,30562,1
61,17,4,edge_cap,11,1920,28503,1
61,18,4,edge_cap,11,960,15562,1
61,19,4,edge_cap,11,1920,29246,1
61,20,4,edge_cap,13,5760,88029,1
61,21,4,edge_cap,13,1920,29949,1
61,22,4,edge_cap,13,2304,36669,1
61,23,4,edge_cap,11,1920,30345,1
61,24,4,edge_cap,11,960,16769,1
61,25,4,edge_cap,13,5760,95510,1
61,26,4,edge_cap,11,1920,31952,1
61,27,4,edge_cap,11,960,17490,1
61,28,4,edge_cap,13,3840,66359,1
61,29,4,edge_cap,11,1920,32790,1
61,30,4,edge_cap,13,2880,49807,1
61,31,4,edge_cap,11,1920,33732,1
61,32,4,edge_cap,11,1920,36833,1
61,33,4,edge_cap,13,1152,20694,1
61,34,4,edge_cap,11,1920,35918,1
61,35,4,edge_cap,13,960,17734,1
61,36,4,edge_cap,11,960,19166,1
61,37,4,edge_cap,11,1920,35724,1
61,38,4,edge_cap,11,1920,37640,1
61,39,4,edge_cap,11,960,18333,1
61,40,4,edge_cap,11,480,10032,1
61,41,4,edge_cap,11,1920,38232,1
61,42,4,edge_cap,13,1920,37466,1
61,43,4,edge_cap,11,1920,38871,1
61,44,4,edge_cap,13,2304,46775,1
61,45,4,edge_cap,13,2880,58244,1
61,46,4,edge_cap,11,1920,41345,1
61,47,4,edge_cap,11,1920,39468,1
61,48,4,edge_cap,11,960,21509,1
61,49,4,edge_cap,13,3840,80400,1
61,50,4,edge_cap,11,480,10971,1
61,51,4,edge_cap,11,960,21297,1
61,52,4,edge_cap,11,1920,42230,1
61,53,4,edge_cap,11,1920,41628,1
61,54,4,edge_cap,11,960,22733,1
61,55,4,edge_cap,13,576,13019,1
61,56,4,edge_cap,13,3840,86926,1
61,57,4,edge_cap,11,960,22683,1
61,58,4,edge_cap,11,1920,46078,1
61,59,4,edge_cap,11,1920,44784,1
61,60,4,edge_cap,13,2880,66344,1
62,3,4,edge_cap,11,960,12374,1
62,5,4,edge_cap,13,5756,70341,2
62,7,4,edge_cap,13,3840,51304,1
62,9,4,edge_cap,11,960,13417,1
62,11,4,edge_cap,13,2304,31505,1
62,13,4,edge_cap,11,1920,27019,1
62,15,4,edge_cap,13,2880,40446,1
62,17,4,edge_cap,11,1920,29076,1
62,19,4,edge_cap,11,1920,30157,1
62,21,4,edge_cap,13,1920,27991,1
62,23,4,edge_cap,11,1920,32077,1
62,25,4,edge_cap,13,5760,91450,1
62,27,4,edge_cap,11,960,17209,1
62,29,4,edge_cap,11,1920,34493,1
62,33,4,edge_cap,13,1152,19884,1
62,35,4,edge_cap,13,960,17045,1
62,37,4,edge_cap,11,1920,37832,1
62,39,4,edge_cap,11,960,17708,1
62,41,4,edge_cap,11,1920,39341,1
62,43,4,edge_cap,11,1920,40400,1
62,45,4,edge_cap,13,2880,55111,1
62,47,4,edge_cap,11,1920,41966,1
62,49,4,edge_cap,13,3840,79388,1
62,51,4,edge_cap,11,960,20204,1
62,53,4,edge_cap,11,1920,44591,1
62,55,4,edge_cap,13,576,12291,1
62,57,4,edge_cap,11,960,21088,1
62,59,4,edge_cap,11,1920,46618,1
62,61,4,edge_cap,11,1920,47608,1
63,2,4,edge_cap,13,1918,23853,2
63,4,4,edge_cap,13,1920,24460,1
63,5,4,edge_cap,17,7677,89020,1
63,8,4,edge_cap,13,1920,25999,1
63,10,4,edge_cap,17,7680,99791,1
63,11,4,edge_cap,17,3072,40188,1
63,13,4,edge_cap,17,2560,34394,1
63,16,4,edge_cap,13,1920,27804,1
63,17,4,edge_cap,13,1920,29057,1
63,19,4,edge_cap,13,1920,28629,1
63,20,4,edge_cap,13,480,7871,1
63,22,4,edge_cap,17,3072,45108,1
63,23,4,edge_cap,13,1920,29982,1
63,25,4,edge_cap,13,480,7816,1
63,26,4,edge_cap,17,2560,40809,1
63,29,4,edge_cap,13,1920,33276,1
63,31,4,edge_cap,13,1920,33309,1
63,32,4,edge_cap,13,1920,34601,1
63,34,4,edge_cap,13,1920,32621,1
63,37,4,edge_cap,13,1920,36405,1
63,38,4,edge_cap,13,1920,34562,1
63,40,4,edge_cap,13,480,9724,1
63,41,4,edge_cap,13,1920,38880,1
63,43,4,edge_cap,13,1920,39204,1
63,44,4,edge_cap,17,3072,57915,1
63,46,4,edge_cap,13,1920,36932,1
63,47,4,edge_cap,13,1920,40134,1
63,50,4,edge_cap,13,480,10745,1
63,52,4,edge_cap,17,2560,51837,1
63,53,4,edge_cap,13,1920,42636,1
63,55,4,edge_cap,17,768,14597,1
63,58,4,edge_cap,13,1920,42052,1
63,59,4,edge_cap,13,1920,44676,1
63,61,4,edge_cap,13,1920,45006,1
63,62,4,edge_cap,13,1920,43894,1
64,3,4,edge_cap,11,960,13209,1
64,5,4,edge_cap,13,5758,74659,2
64,7,4,edge_cap,13,3840,53300,1
64,9,4,edge_cap,11,960,14357,1
64,11,4,edge_cap,13,2304,32768,1
64,13,4,edge_cap,11,1920,28347,1
64,15,4,edge_cap,13,2880,42928,1
64,17,4,edge_cap,11,1920,30213,1
64,19,4,edge_cap,11,1920,31453,1
64,21,4,edge_cap,13,1920,30334,1
64,23,4,edge_cap,11,1920,33850,1
64,25,4,edge_cap,13,5760,96994,1
64,27,4,edge_cap,11,960,18121,1
64,29,4,edge_cap,11,1920,35854,1
64,31,4,edge_cap,11,1920,36727,1
64,33,4,edge_cap,13,1152,21204,1
64,35,4,edge_cap,13,960,17630,1
64,37,4,edge_cap,11,1920,39563,1
64,39,4,edge_cap,11,960,18761,1
64,41,4,edge_cap,11,1920,40883,1
64,43,4,edge_cap,11,1920,41789,1
64,45,4,edge_cap,13,2880,59620,1
64,47,4,edge_cap,11,1920,43685,1
64,49,4,edge_cap,13,3840,83237,1
64,51,4,edge_cap,11,960,21383,1
64,53,4,edge_cap,11,1920,46073,1
64,55,4,edge_cap,13,576,12930,1
64,57,4,edge_cap,11,960,22501,1
64,59,4,edge_cap,11,1920,48334,1
64,61,4,edge_cap,11,1920,49447,1
64,63,4,edge_cap,13,1920,46864,1
65,2,4,edge_cap,17,7650,92822,2
65,3,4,edge_cap,17,3840,47562,1
65,4,4,edge_cap,17,7654,93127,2
65,6,4,edge_cap,17,3840,49471,1
65,7,4,edge_cap,17,1280,16096,1
65,8,4,edge_cap,17,7678,98346,2
65,9,4,edge_cap,17,3840,51022,1
65,11,4,edge_cap,17,768,11026,1
65,12,4,edge_cap,17,3840,53406,1
65,14,4,edge_cap,17,1280,17733,1
65,16,4,edge_cap,11,480,7275,1
65,17,4,edge_cap,11,480,7331,1
65,18,4,edge_cap,17,3840,57090,1
65,19,4,edge_cap,11,480,7695,1
65,21,4,edge_cap,17,640,9495,1
65,22,4,edge_cap,17,768,11385,1
65,23,4,edge_cap,11,480,7984,1
65,24,4,edge_cap,17,3840,59985,1
65,27,4,edge_cap,17,3840,63360,1
65,28,4,edge_cap,17,1280,20379,1
65,29,4,edge_cap,11,480,8857,1
65,31,4,edge_cap,11,480,9078,1
65,32,4,edge_cap,11,480,8614,1
65,33,4,edge_cap,17,384,6685,1
65,34,4,edge_cap,11,480,8165,1
65,36,4,edge_cap,17,3840,67755,1
65,37,4,edge_cap,11,480,9744,1
65,38,4,edge_cap,11,480,8737,1
65,41,4,edge_cap,11,480,9812,1
65,42,4,edge_cap,17,640,12135,1
65,43,4,edge_cap,11,480,10140,1
65,44,4,edge_cap,17,768,14800,1
65,46,4,edge_cap,11,480,9665,1
65,47,4,edge_cap,11,480,10465,1
65,48,4,edge_cap,17,3840,75675,1
65,49,4,edge_cap,17,1280,27399,1
65,51,4,edge_cap,19,4320,86443,1
65,53,4,edge_cap,11,480,11131,1
65,54,4,edge_cap,17,3840,79905,1
65,56,4,edge_cap,17,1280,26190,1
65,57,4,edge_cap,17,3840,80955,1
65,58,4,edge_cap,11,480,10759,1
65,59,4,edge_cap,11,480,11730,1
65,61,4,edge_cap,11,480,11978,1
65,62,4,edge_cap,11,480,10976,1
65,63,4,edge_cap,17,640,13929,1
65,64,4,edge_cap,11,480,11470,1
66,5,4,edge_cap,17,4606,61144,1
66,7,4,edge_cap,17,3072,38783,1
66,13,4,edge_cap,17,1536,21909,1
66,17,4,edge_cap,13,1152,17314,1
66,19,4,edge_cap,13,1152,17791,1
66,23,4,edge_cap,13,1152,18521,1
66,25,4,edge_cap,17,4608,74905,1
66,29,4,edge_cap,13,1152,19746,1
66,31,4,edge_cap,13,1152,20355,1
66,35,4,edge_cap,17,768,13790,1
66,37,4,edge_cap,13,1152,21976,1
66,41,4,edge_cap,13,1152,22889,1
66,43,4,edge_cap,13,1152,23318,1
66,47,4,edge_cap,13,1152,24334,1
66,49,4,edge_cap,17,3072,61980,1
66,53,4,edge_cap,13,1152,26219,1
66,59,4,edge_cap,13,1152,27447,1
66,61,4,edge_cap,13,1152,27792,1
66,65,4,edge_cap,17,384,8720,1
67,2,4,edge_cap,11,1920,27211,1
67,3,4,edge_cap,11,960,13631,1
67,4,4,edge_cap,11,1920,27940,1
67,5,4,edge_cap,13,5756,76507,2
67,6,4,edge_cap,11,960,14328,1
67,7,4,edge_cap,13,3840,52594,1
67,8,4,edge_cap,11,1920,29517,1
67,9,4,edge_cap,11,960,15036,1
67,10,4,edge_cap,13,5760,84448,1
67,11,4,edge_cap,13,2304,33453,1
67,12,4,edge_cap,11,960,15668,1
67,13,4,edge_cap,11,1920,29037,1
67,14,4,edge_cap,13,3840,59872,1
67,15,4,edge_cap,13,2880,44862,1
67,16,4,edge_cap,11,1920,32715,1
67,17,4,edge_cap,11,1920,30798,1
67,18,4,edge_cap,11,960,16806,1
67,19,4,edge_cap,11,1920,30690,1
67,20,4,edge_cap,13,5760,95365,1
67,21,4,edge_cap,13,1920,33216,1
67,22,4,edge_cap,13,2304,39131,1
67,23,4,edge_cap,11,1920,32742,1
67,24,4,edge_cap,11,960,17941,1
67,25,4,edge_cap,11,480,9204,1
67,26,4,edge_cap,11,1920,34024,1
67,27,4,edge_cap,11,960,18417,1
67,28,4,edge_cap,13,3840,70663,1
67,29,4,edge_cap,11,1920,35706,1
67,30,4,edge_cap,13,2880,52920,1
67,31,4,edge_cap,11,1920,36273,1
67,32,4,edge_cap,11,1920,39241,1
67,33,4,edge_cap,13,1152,22377,1
67,34,4,edge_cap,11,1920,38191,1
67,35,4,edge_cap,13,960,18856,1
67,36,4,edge_cap,11,960,20404,1
67,37,4,edge_cap,11,1920,38766,1
67,38,4,edge_cap,11,1920,40009,1
67,39,4,edge_cap,11,960,19455,1
67,40,4,edge_cap,11,480,10511,1
67,41,4,edge_cap,11,1920,40491,1
67,42,4,edge_cap,13,1920,39691,1
67,43,4,edge_cap,11,1920,40482,1
67,44,4,edge_cap,13,2304,48889,1
67,45,4,edge_cap,13,2880,62304,1
67,46,4,edge_cap,11,1920,43501,1
67,47,4,edge_cap,11,1920,42477,1
67,48,4,edge_cap,11,960,22733,1
67,49,4,edge_cap,13,3840,85371,1
67,50,4,edge_cap,11,480,11593,1
67,51,4,edge_cap,11,960,22359,1
67,52,4,edge_cap,11,1920,44015,1
67,53,4,edge_cap,11,1920,44583,1
67,54,4,edge_cap,11,960,23939,1
67,55,4,edge_cap,13,576,13634,1
67,56,4,edge_cap,13,3840,90064,1
67,57,4,edge_cap,11,960,23868,1
67,58,4,edge_cap,11,1920,48391,1
67,59,4,edge_cap,11,1920,46647,1
67,60,4,edge_cap,13,2880,69412,1
67,61,4,edge_cap,11,1920,48087,1
67,62,4,edge_cap,11,1920,50287,1
67,63,4,edge_cap,13,1920,47877,1
67,64,4,edge_cap,11,1920,51880,1
67,65,4,edge_cap,11,480,12537,1
67,66,4,edge_cap,13,1152,29334,1
68,3,4,edge_cap,11,960,13518,1
68,5,4,edge_cap,13,5759,74349,1
68,7,4,edge_cap,13,3839,51490,2
68,9,4,edge_cap,11,960,14553,1
68,11,4,edge_cap,13,2304,32309,1
68,13,4,edge_cap,11,1920,28060,1
68,15,4,edge_cap,13,2880,43018,1
68,19,4,edge_cap,11,1920,30909,1
68,21,4,edge_cap,13,1920,29694,1
68,23,4,edge_cap,11,1920,33354,1
68,25,4,edge_cap,13,5760,94332,1
68,27,4,edge_cap,11,960,17896,1
68,29,4,edge_cap,11,1920,35677,1
68,31,4,edge_cap,11,1920,36451,1
68,33,4,edge_cap,13,1152,21015,1
68,35,4,edge_cap,13,960,17175,1
68,37,4,edge_cap,11,1920,39082,1
68,39,4,edge_cap,11,960,18064,1
68,41,4,edge_cap,11,1920,40654,1
68,43,4,edge_cap,11,1920,41590,1
68,45,4,edge_cap,13,2880,56694,1
68,47,4,edge_cap,11,1920,43042,1
68,49,4,edge_cap,13,3840,81304,1
68,53,4,edge_cap,11,1920,45275,1
68,55,4,edge_cap,13,576,12379,1
68,57,4,edge_cap,11,960,21781,1
68,59,4,edge_cap,11,1920,47581,1
68,61,4,edge_cap,11,1920,48751,1
68,63,4,edge_cap,13,1920,44299,1
68,65,4,edge_cap,11,480,11193,1
68,67,4,edge_cap,11,1920,51154,1
69,2,4,edge_cap,11,959,13669,1
69,4,4,edge_cap,11,959,13798,1
69,5,4,edge_cap,13,2880,39068,1
69,7,4,edge_cap,13,1920,25820,1
69,8,4,edge_cap,11,960,14559,1
69,10,4,edge_cap,13,2880,40603,1
69,11,4,edge_cap,13,1152,16966,1
69,13,4,edge_cap,11,960,13929,1
69,14,4,edge_cap,13,1920,28323,1
69,16,4,edge_cap,11,960,15979,1
69,17,4,edge_cap,11,960,15585,1
69,19,4,edge_cap,11,960,16125,1
69,20,4,edge_cap,13,2880,46040,1
69,22,4,edge_cap,13,1152,18719,1
69,25,4,edge_cap,13,2880,49123,1
69,26,4,edge_cap,11,960,16953,1
69,28,4,edge_cap,13,1920,33235,1
69,29,4,edge_cap,11,960,18066,1
69,31,4,edge_cap,11,960,18846,1
69,32,4,edge_cap,11,960,18820,1
69,34,4,edge_cap,11,960,18190,1
69,35,4,edge_cap,13,480,9033,1
69,37,4,edge_cap,11,960,20133,1
69,38,4,edge_cap,11,960,18631,1
69,40,4,edge_cap,13,2880,54901,1
69,41,4,edge_cap,11,960,21345,1
69,43,4,edge_cap,11,960,21822,1
69,44,4,edge_cap,13,1152,23274,1
69,47,4,edge_cap,11,960,22419,1
69,49,4,edge_cap,13,1920,42075,1
69,50,4,edge_cap,13,2880,61348,1
69,52,4,edge_cap,11,960,20800,1
69,53,4,edge_cap,11,960,23304,1
69,55,4,edge_cap,17,4608,96510,1
69,56,4,edge_cap,13,1920,42385,1
69,58,4,edge_cap,11,960,22591,1
69,59,4,edge_cap,11,960,24963,1
69,61,4,edge_cap,11,960,24963,1
69,62,4,edge_cap,11,960,23293,1
69,64,4,edge_cap,11,960,24793,1
69,65,4,edge_cap,17,3840,89355,1
69,67,4,edge_cap,11,960,26277,1
69,68,4,edge_cap,11,960,23866,1
70,3,4,edge_cap,13,480,6812,1
70,9,4,edge_cap,13,480,7118,1
70,11,4,edge_cap,17,1536,21973,1
70,13,4,edge_cap,17,1280,18967,1
70,17,4,edge_cap,13,960,14488,1
70,19,4,edge_cap,13,960,15289,1
70,23,4,edge_cap,13,960,16420,1
70,27,4,edge_cap,13,480,8991,1
70,29,4,edge_cap,13,960,17441,1
70,31,4,edge_cap,13,960,17846,1
70,33,4,edge_cap,17,768,13933,1
70,37,4,edge_cap,13,960,19254,1
70,39,4,edge_cap,17,640,12399,1
70,41,4,edge_cap,13,960,19875,1
70,43,4,edge_cap,13,960,20066,1
70,47,4,edge_cap,13,960,21199,1
70,51,4,edge_cap,13,480,10151,1
70,53,4,edge_cap,13,960,22225,1
70,57,4,edge_cap,13,480,10545,1
70,59,4,edge_cap,13,960,23629,1
70,61,4,edge_cap,13,960,23818,1
70,67,4,edge_cap,13,960,24841,1
70,69,4,edge_cap,13,480,11764,1
71,2,4,edge_cap,11,1920,28587,1
71,3,4,edge_cap,11,960,14546,1
71,4,4,edge_cap,11,1920,29590,1
71,5,4,edge_cap,13,5759,79404,2
71,6,4,edge_cap,11,960,15180,1
71,7,4,edge_cap,13,3840,54642,1
71,8,4,edge_cap,11,1920,30917,1
71,9,4,edge_cap,11,960,15967,1
71,10,4,edge_cap,13,5760,89074,1
71,11,4,edge_cap,13,2304,34409,1
71,12,4,edge_cap,11,960,16559,1
71,13,4,edge_cap,11,1920,29814,1
71,14,4,edge_cap,13,3840,62235,1
71,15,4,edge_cap,13,2880,46837,1
71,16,4,edge_cap,11,1920,34499,1
71,17,4,edge_cap,11,1920,32106,1
71,18,4,edge_cap,11,960,17591,1
71,19,4,edge_cap,11,1920,32808,1
71,20,4,edge_cap,13,5760,99413,1
71,21,4,edge_cap,13,1920,34458,1
71,22,4,edge_cap,13,2304,41446,1
71,23,4,edge_cap,11,1920,32523,1
71,24,4,edge_cap,11,960,18612,1
71,25,4,edge_cap,11,480,9524,1
71,26,4,edge_cap,11,1920,35691,1
71,27,4,edge_cap,11,960,19410,1
71,28,4,edge_cap,13,3840,73050,1
71,29,4,edge_cap,11,1920,36429,1
71,30,4,edge_cap,13,2880,54865,1
71,31,4,edge_cap,11,1920,36867,1
71,32,4,edge_cap,11,1920,40483,1
71,33,4,edge_cap,13,1152,23276,1
71,34,4,edge_cap,11,1920,39487,1
71,35,4,edge_cap,13,960,19182,1
71,36,4,edge_cap,11,960,21322,1
71,37,4,edge_cap,11,1920,39759,1
71,38,4,edge_cap,11,1920,41206,1
71,39,4,edge_cap,11,960,20016,1
71,40,4,edge_cap,11,480,11055,1
71,41,4,edge_cap,11,1920,41724,1
71,42,4,edge_cap,13,1920,40648,1
71,43,4,edge_cap,11,1920,42471,1
71,44,4,edge_cap,13,2304,50649,1
71,45,4,edge_cap,13,2880,64329,1
71,46,4,edge_cap,11,1920,45181,1
71,47,4,edge_cap,11,1920,42285,1
71,48,4,edge_cap,11,960,23374,1
71,49,4,edge_cap,13,3840,87609,1
71,50,4,edge_cap,11,480,12016,1
71,51,4,edge_cap,11,960,23112,1
71,52,4,edge_cap,11,1920,45565,1
71,53,4,edge_cap,11,1920,45627,1
71,54,4,edge_cap,11,960,24742,1
71,55,4,edge_cap,13,576,13963,1
71,56,4,edge_cap,13,3840,93177,1
71,57,4,edge_cap,11,960,24798,1
71,58,4,edge_cap,11,1920,49941,1
71,59,4,edge_cap,11,1920,47691,1
71,60,4,edge_cap,13,2880,71293,1
71,61,4,edge_cap,11,1920,48951,1
71,62,4,edge_cap,11,1920,51582,1
71,63,4,edge_cap,13,1920,49152,1
71,64,4,edge_cap,11,1920,53701,1
71,65,4,edge_cap,11,480,12758,1
71,66,4,edge_cap,13,1152,30309,1
71,67,4,edge_cap,11,1920,51600,1
71,68,4,edge_cap,11,1920,52171,1
71,69,4,edge_cap,11,960,26943,1
71,70,4,edge_cap,13,960,25952,1
72,5,4,edge_cap,13,2878,40291,2
72,7,4,edge_cap,13,1920,29027,1
72,11,4,edge_cap,13,1152,18098,1
72,13,4,edge_cap,11,960,15659,1
72,17,4,edge_cap,11,960,16781,1
72,19,4,edge_cap,11,960,17321,1
72,23,4,edge_cap,11,960,17937,1
72,25,4,edge_cap,13,2880,52577,1
72,29,4,edge_cap,11,960,18996,1
72,31,4,edge_cap,11,960,19596,1
72,35,4,edge_cap,13,480,9803,1
72,37,4,edge_cap,11,960,20917,1
72,41,4,edge_cap,11,960,21457,1
72,43,4,edge_cap,11,960,22177,1
72,47,4,edge_cap,11,960,22873,1
72,49,4,edge_cap,13,1920,43618,1
72,53,4,edge_cap,11,960,24166,1
72,55,4,edge_cap,13,288,6907,1
72,59,4,edge_cap,11,960,25662,1
72,61,4,edge_cap,11,960,26247,1
72,65,4,edge_cap,17,3840,92370,1
72,67,4,edge_cap,11,960,27441,1
72,71,4,edge_cap,11,960,28024,1
73,2,4,edge_cap,11,1920,29132,1
73,3,4,edge_cap,11,960,14983,1
73,4,4,edge_cap,11,1920,30362,1
73,5,4,edge_cap,13,5760,84248,1
73,6,4,edge_cap,11,960,15499,1
73,7,4,edge_cap,13,3840,59125,1
73,8,4,edge_cap,11,1920,31648,1
73,9,4,edge_cap,11,960,16049,1
73,10,4,edge_cap,13,5760,91675,1
73,11,4,edge_cap,13,2304,36193,1
73,12,4,edge_cap,11,960,16872,1
73,13,4,edge_cap,11,1920,31416,1
73,14,4,edge_cap,13,3840,63588,1
73,15,4,edge_cap,13,2880,49012,1
73,16,4,edge_cap,11,1920,35228,1
73,17,4,edge_cap,11,1920,33033,1
73,18,4,edge_cap,11,960,17996,1
73,19,4,edge_cap,11,1920,34113,1
73,20,4,edge_cap,11,480,9193,1
73,21,4,edge_cap,13,1920,34728,1
73,22,4,edge_cap,13,2304,41941,1
73,23,4,edge_cap,11,1920,35343,1
73,24,4,edge_cap,11,960,19197,1
73,25,4,edge_cap,11,480,9804,1
73,26,4,edge_cap,11,1920,36096,1
73,27,4,edge_cap,11,960,19695,1
73,28,4,edge_cap,13,3840,74967,1
73,29,4,edge_cap,11,1920,37944,1
73,30,4,edge_cap,13,2880,55999,1
73,31,4,edge_cap,11,1920,39234,1
73,32,4,edge_cap,11,1920,41277,1
73,33,4,edge_cap,13,1152,23199,1
73,34,4,edge_cap,11,1920,40401,1
73,35,4,edge_cap,13,960,20370,1
73,36,4,edge_cap,11,960,21592,1
73,37,4,edge_cap,11,1920,41454,1
73,38,4,edge_cap,11,1920,41827,1
73,39,4,edge_cap,11,960,20421,1
73,40,4,edge_cap,11,480,11280,1
73,41,4,edge_cap,11,1920,42858,1
73,42,4,edge_cap,13,1920,41539,1
73,43,4,edge_cap,11,1920,43896,1
73,44,4,edge_cap,13,2304,51537,1
73,45,4,edge_cap,13,2880,64725,1
73,46,4,edge_cap,11,1920,45703,1
73,47,4,edge_cap,11,1920,45075,1
73,48,4,edge_cap,11,960,23995,1
73,49,4,edge_cap,13,3840,90183,1
73,50,4,edge_cap,11,480,12151,1
73,51,4,edge_cap,11,960,23247,1
73,52,4,edge_cap,11,1920,46495,1
73,53,4,edge_cap,11,1920,47262,1
73,54,4,edge_cap,11,960,25192,1
73,55,4,edge_cap,13,576,14678,1
73,56,4,edge_cap,13,3840,94662,1
73,57,4,edge_cap,11,960,24813,1
73,58,4,edge_cap,11,1920,50643,1
73,59,4,edge_cap,11,1920,49347,1
73,60,4,edge_cap,13,2880,72283,1
73,61,4,edge_cap,11,1920,50679,1
73,62,4,edge_cap,11,1920,52128,1
73,63,4,edge_cap,13,1920,50142,1
73,64,4,edge_cap,11,1920,54441,1
73,65,4,edge_cap,11,480,13082,1
73,66,4,edge_cap,13,1152,30624,1
73,67,4,edge_cap,11,1920,52992,1
73,68,4,edge_cap,11,1920,52965,1
73,69,4,edge_cap,11,960,27258,1
73,70,4,edge_cap,13,960,26249,1
73,71,4,edge_cap,11,1920,54138,1
73,72,4,edge_cap,11,960,28780,1
74,3,4,edge_cap,11,960,15039,1
74,5,4,edge_cap,13,5760,85140,1
74,7,4,edge_cap,13,3840,57482,1
74,9,4,edge_cap,11,960,16280,1
74,11,4,edge_cap,13,2304,36570,1
74,13,4,edge_cap,11,1920,31487,1
74,15,4,edge_cap,13,2880,45932,1
74,17,4,edge_cap,11,1920,33448,1
74,19,4,edge_cap,11,1920,34078,1
74,21,4,edge_cap,13,1920,33382,1
74,23,4,edge_cap,11,1920,36697,1
74,25,4,edge_cap,11,480,9406,1
74,27,4,edge_cap,11,960,19709,1
74,29,4,edge_cap,11,1920,39302,1
74,31,4,edge_cap,11,1920,39884,1
74,33,4,edge_cap,13,1152,23037,1
74,35,4,edge_cap,13,960,18957,1
74,39,4,edge_cap,11,960,20262,1
74,41,4,edge_cap,11,1920,43980,1
74,43,4,edge_cap,11,1920,44835,1
74,45,4,edge_cap,13,2880,62634,1
74,47,4,edge_cap,11,1920,46524,1
74,49,4,edge_cap,13,3840,87822,1
74,51,4,edge_cap,11,960,22935,1
74,53,4,edge_cap,11,1920,49170,1
74,55,4,edge_cap,13,576,13534,1
74,57,4,edge_cap,11,960,23972,1
74,59,4,edge_cap,11,1920,51260,1
74,61,4,edge_cap,11,1920,52400,1
74,63,4,edge_cap,13,1920,48485,1
74,65,4,edge_cap,11,480,12196,1
74,67,4,edge_cap,11,1920,54668,1
74,69,4,edge_cap,11,960,26318,1
74,71,4,edge_cap,11,1920,56417,1
74,73,4,edge_cap,11,1920,57038,1
75,2,4,edge_cap,13,2880,42251,1
75,4,4,edge_cap,13,2880,42718,1
75,7,4,edge_cap,13,480,7395,1
75,8,4,edge_cap,13,2880,44542,1
75,11,4,edge_cap,17,4608,72878,1
75,13,4,edge_cap,17,3840,61099,1
75,14,4,edge_cap,13,480,8139,1
75,16,4,edge_cap,13,2880,48964,1
75,17,4,edge_cap,13,2880,48574,1
75,19,4,edge_cap,13,2880,49510,1
75,22,4,edge_cap,17,4608,80605,1
75,23,4,edge_cap,13,2880,52193,1
75,26,4,edge_cap,17,3840,69675,1
75,28,4,edge_cap,13,480,9684,1
75,29,4,edge_cap,13,2880,56045,1
75,31,4,edge_cap,13,2880,57035,1
75,32,4,edge_cap,13,2880,59014,1
75,34,4,edge_cap,13,2880,55054,1
75,37,4,edge_cap,13,2880,62734,1
75,38,4,edge_cap,13,2880,56935,1
75,41,4,edge_cap,13,2880,64274,1
75,43,4,edge_cap,13,2880,64813,1
75,44,4,edge_cap,17,4608,99605,1
75,46,4,edge_cap,13,2880,61644,1
75,47,4,edge_cap,13,2880,67893,1
75,49,4,edge_cap,13,480,10954,1
75,52,4,edge_cap,17,3840,86790,1
75,53,4,edge_cap,13,2880,71646,1
75,56,4,edge_cap,13,480,12338,1
75,58,4,edge_cap,13,2880,68323,1
75,59,4,edge_cap,13,2880,73978,1
75,61,4,edge_cap,13,2880,76013,1
75,62,4,edge_cap,13,2880,71293,1
75,64,4,edge_cap,13,2880,75847,1
75,67,4,edge_cap,13,2880,78488,1
75,68,4,edge_cap,13,2880,72635,1
75,71,4,edge_cap,13,2880,81097,1
75,73,4,edge_cap,13,2880,82087,1
75,74,4,edge_cap,13,2880,77630,1
76,3,4,edge_cap,11,960,15228,1
76,5,4,edge_cap,13,5760,81679,1
76,7,4,edge_cap,13,3840,57782,1
76,9,4,edge_cap,11,960,16412,1
76,11,4,edge_cap,13,2304,35908,1
76,13,4,edge_cap,11,1920,31151,1
76,15,4,edge_cap,13,2880,46976,1
76,17,4,edge_cap,11,1920,32998,1
76,21,4,edge_cap,13,1920,33814,1
76,23,4,edge_cap,11,1920,36073,1
76,25,4,edge_cap,11,480,9289,1
76,27,4,edge_cap,11,960,19804,1
76,29,4,edge_cap,11,1920,38717,1
76,31,4,edge_cap,11,1920,39767,1
76,33,4,edge_cap,13,1152,22817,1
76,35,4,edge_cap,13,960,18462,1
76,37,4,edge_cap,11,1920,42452,1
76,39,4,edge_cap,11,960,19922,1
76,41,4,edge_cap,11,1920,43721,1
76,43,4,edge_cap,11,1920,44520,1
76,45,4,edge_cap,13,2880,60995,1
76,47,4,edge_cap,11,1920,46443,1
76,49,4,edge_cap,13,3840,87744,1
76,51,4,edge_cap,11,960,22674,1
76,53,4,edge_cap,11,1920,48603,1
76,55,4,edge_cap,13,576,13259,1
76,59,4,edge_cap,11,1920,50591,1
76,61,4,edge_cap,11,1920,52040,1
76,63,4,edge_cap,13,1920,48116,1
76,65,4,edge_cap,11,480,11836,1
76,67,4,edge_cap,11,1920,54338,1
76,69,4,edge_cap,11,960,25778,1
76,71,4,edge_cap,11,1920,55901,1
76,73,4,edge_cap,11,1920,56831,1
76,75,4,edge_cap,13,2880,77135,1
77,2,4,edge_cap,17,6138,88593,1
77,3,4,edge_cap,17,3072,43202,1
77,4,4,edge_cap,17,6142,88577,1
77,5,4,edge_cap,17,1536,21832,1
77,6,4,edge_cap,17,3072,45759,1
77,8,4,edge_cap,17,6144,93315,1
77,9,4,edge_cap,17,3072,46945,1
77,10,4,edge_cap,17,1536,23949,1
77,12,4,edge_cap,17,3072,48142,1
77,13,4,edge_cap,17,512,8454,1
77,15,4,edge_cap,17,768,12281,1
77,16,4,edge_cap,13,384,6731,1
77,17,4,edge_cap,13,384,6696,1
77,18,4,edge_cap,17,3072,50191,1
77,19,4,edge_cap,13,384,6971,1
77,20,4,edge_cap,17,1536,26831,1
77,23,4,edge_cap,13,384,7100,1
77,24,4,edge_cap,17,3072,52839,1
77,25,4,edge_cap,17,1536,29428,1
77,26,4,edge_cap,17,512,9309,1
77,27,4,edge_cap,17,3072,57849,1
77,29,4,edge_cap,13,384,7711,1
77,30,4,edge_cap,17,768,14908,1
77,31,4,edge_cap,13,384,7931,1
77,32,4,edge_cap,13,384,7919,1
77,34,4,edge_cap,13,384,7457,1
77,36,4,edge_cap,17,3072,60267,1
77,37,4,edge_cap,13,384,8363,1
77,38,4,edge_cap,13,384,7878,1
77,39,4,edge_cap,19,4608,86958,1
77,40,4,edge_cap,17,1536,31218,1
77,41,4,edge_cap,13,384,8913,1
77,43,4,edge_cap,13,384,9045,1
77,45,4,edge_cap,17,768,15283,1
77,46,4,edge_cap,13,384,8525,1
77,47,4,edge_cap,13,384,9246,1
77,48,4,edge_cap,17,3072,66423,1
77,50,4,edge_cap,17,1536,33554,1
77,51,4,edge_cap,19,3456,75522,1
77,52,4,edge_cap,17,512,11472,1
77,53,4,edge_cap,13,384,9755,1
77,54,4,edge_cap,17,3072,69648,1
77,57,4,edge_cap,17,3072,69105,1
77,58,4,edge_cap,13,384,9506,1
77,59,4,edge_cap,13,384,10228,1
77,60,4,edge_cap,17,768,19467,1
77,61,4,edge_cap,13,384,10283,1
77,62,4,edge_cap,13,384,9996,1
77,64,4,edge_cap,13,384,10326,1
77,65,4,edge_cap,19,2304,58428,1
77,67,4,edge_cap,13,384,10836,1
77,68,4,edge_cap,13,384,9934,1
77,69,4,edge_cap,17,3072,76893,1
77,71,4,edge_cap,13,384,11012,1
77,72,4,edge_cap,17,3072,79224,1
77,73,4,edge_cap,13,384,11389,1
77,74,4,edge_cap,13,384,10674,1
77,75,4,edge_cap,17,768,19842,1
77,76,4,edge_cap,13,384,10426,1
78,5,4,edge_cap,17,3840,57803,1
78,7,4,edge_cap,17,2560,38461,1
78,11,4,edge_cap,17,1536,23852,1
78,17,4,edge_cap,11,960,16650,1
78,19,4,edge_cap,11,960,17044,1
78,23,4,edge_cap,11,960,17806,1
78,25,4,edge_cap,17,3840,70305,1
78,29,4,edge_cap,11,960,18946,1
78,31,4,edge_cap,11,960,19211,1
78,35,4,edge_cap,17,640,12516,1
78,37,4,edge_cap,11,960,20399,1
78,41,4,edge_cap,11,960,21182,1
78,43,4,edge_cap,11,960,21587,1
78,47,4,edge_cap,11,960,22329,1
78,49,4,edge_cap,17,2560,56772,1
78,53,4,edge_cap,11,960,23592,1
78,55,4,edge_cap,17,384,8800,1
78,59,4,edge_cap,11,960,24917,1
78,61,4,edge_cap,11,960,25307,1
78,67,4,edge_cap,11,960,26501,1
78,71,4,edge_cap,11,960,27299,1
78,73,4,edge_cap,11,960,27569,1
78,77,4,edge_cap,17,256,6612,1
79,2,4,edge_cap,11,1920,31830,1
79,3,4,edge_cap,11,960,15927,1
79,4,4,edge_cap,11,1920,32650,1
79,5,4,edge_cap,13,5760,89830,1
79,6,4,edge_cap,11,960,16716,1
79,7,4,edge_cap,13,3840,59163,1
79,8,4,edge_cap,11,1920,34179,1
79,9,4,edge_cap,11,960,17333,1
79,10,4,edge_cap,13,5760,97778,1
79,11,4,edge_cap,13,2304,38465,1
79,12,4,edge_cap,11,960,18037,1
79,13,4,edge_cap,11,1920,32799,1
79,14,4,edge_cap,13,3840,68439,1
79,15,4,edge_cap,13,2880,50984,1
79,16,4,edge_cap,11,1920,37543,1
79,17,4,edge_cap,11,1920,35256,1
79,18,4,edge_cap,11,960,19195,1
79,19,4,edge_cap,11,1920,35691,1
79,20,4,edge_cap,11,480,9874,1
79,21,4,edge_cap,13,1920,36240,1
79,22,4,edge_cap,13,2304,44488,1
79,23,4,edge_cap,11,1920,36543,1
79,24,4,edge_cap,11,960,20371,1
79,25,4,edge_cap,11,480,10498,1
79,26,4,edge_cap,11,1920,38203,1
79,27,4,edge_cap,11,960,20703,1
79,28,4,edge_cap,13,3840,79036,1
79,29,4,edge_cap,11,1920,39357,1
79,30,4,edge_cap,13,2880,59475,1
79,31,4,edge_cap,11,1920,39885,1
79,32,4,edge_cap,11,1920,43727,1
79,33,4,edge_cap,13,1152,25113,1
79,34,4,edge_cap,11,1920,42209,1
79,35,4,edge_cap,13,960,21189,1
79,36,4,edge_cap,11,960,22919,1
79,37,4,edge_cap,11,1920,43053,1
79,38,4,edge_cap,11,1920,44210,1
79,39,4,edge_cap,11,960,20985,1
79,40,4,edge_cap,11,480,11745,1
79,41,4,edge_cap,11,1920,45075,1
79,42,4,edge_cap,13,1920,44012,1
79,43,4,edge_cap,11,1920,45414,1
79,44,4,edge_cap,13,2304,54135,1
79,45,4,edge_cap,13,2880,68344,1
79,46,4,edge_cap,11,1920,48050,1
79,47,4,edge_cap,11,1920,46239,1
79,48,4,edge_cap,11,960,25200,1
79,49,4,edge_cap,13,3840,93993,1
79,50,4,edge_cap,11,480,12764,1
79,51,4,edge_cap,11,960,24300,1
79,52,4,edge_cap,11,1920,48150,1
79,53,4,edge_cap,11,1920,48882,1
79,54,4,edge_cap,11,960,26409,1
79,55,4,edge_cap,13,576,14864,1
79,56,4,edge_cap,13,3840,98885,1
79,57,4,edge_cap,11,960,25920,1
79,58,4,edge_cap,11,1920,53078,1
79,59,4,edge_cap,11,1920,51489,1
79,60,4,edge_cap,13,2880,76408,1
79,61,4,edge_cap,11,1920,52194,1
79,62,4,edge_cap,11,1920,54677,1
79,63,4,edge_cap,13,1920,51033,1
79,64,4,edge_cap,11,1920,56594,1
79,65,4,edge_cap,11,480,13609,1
79,66,4,edge_cap,13,1152,31816,1
79,67,4,edge_cap,11,1920,54438,1
79,68,4,edge_cap,11,1920,55463,1
79,69,4,edge_cap,11,960,28215,1
79,70,4,edge_cap,13,960,27224,1
79,71,4,edge_cap,11,1920,55494,1
79,72,4,edge_cap,11,960,29954,1
79,73,4,edge_cap,11,1920,57654,1
79,74,4,edge_cap,11,1920,59227,1
79,75,4,edge_cap,13,2880,85211,1
79,76,4,edge_cap,11,1920,58932,1
79,77,4,edge_cap,13,384,11714,1
79,78,4,edge_cap,11,960,29040,1
80,3,4,edge_cap,13,2880,46788,1
80,7,4,edge_cap,13,960,15603,1
80,9,4,edge_cap,13,2880,48182,1
80,11,4,edge_cap,13,576,9984,1
80,13,4,edge_cap,11,480,8618,1
80,17,4,edge_cap,13,5760,97746,1
80,19,4,edge_cap,11,480,9091,1
80,21,4,edge_cap,13,480,9248,1
80,23,4,edge_cap,11,480,9789,1
80,27,4,edge_cap,13,2880,58187,1
80,29,4,edge_cap,11,480,10555,1
80,31,4,edge_cap,11,480,10695,1
80,33,4,edge_cap,17,4608,94340,1
80,37,4,edge_cap,11,480,11241,1
80,39,4,edge_cap,17,3840,81885,1
80,41,4,edge_cap,11,480,11754,1
80,43,4,edge_cap,11,480,12051,1
80,47,4,edge_cap,11,480,12291,1
80,49,4,edge_cap,13,960,23292,1
80,51,4,edge_cap,13,2880,66858,1
80,53,4,edge_cap,11,480,13084,1
80,57,4,edge_cap,13,2880,69082,1
80,59,4,edge_cap,11,480,13598,1
80,61,4,edge_cap,11,480,13868,1
80,63,4,edge_cap,13,480,13724,1
80,67,4,edge_cap,11,480,14444,1
80,69,4,edge_cap,13,2880,76111,1
80,71,4,edge_cap,11,480,14894,1
80,73,4,edge_cap,11,480,15124,1
80,77,4,edge_cap,17,1536,41810,1
80,79,4,edge_cap,11,480,15626,1
